"","Country","Year","KEI_Index","REGQU","RULEL","PRIMARY","SECONDARY","TERTIARY","TELEP3","FIXBI2","INTERN3","PATEN2","STJOU2","TNTBA"
"1","Argentina",1995,NA,NA,NA,NA,NA,NA,163.2858514,NA,0.086277081,0.019317148,NA,58.4
"2","Argentina",1996,NA,0.5180674,0.0755526,111.3694,78.37693,NA,176.8123441,NA,0.141954704,0.030971481,NA,60
"3","Argentina",1997,NA,NA,NA,108.26898,75.16881,NA,190.5119413,NA,0.280339882,0.022994941,NA,60
"4","Argentina",1998,NA,0.5708775,-0.005769,112.94876,81.43028,46.09004,195.7823594,NA,0.83076668,0.023757236,NA,60
"5","Argentina",1999,NA,NA,NA,116.05356,93.01537,47.97672,197.0954649,NA,3.284481956,0.024530625,NA,61.2
"6","Argentina",2000,6.56,0.2572446,-0.1499227,117.36349,96.52347,53.17574,213.0261142,NA,7.038683086,0.028658203,NA,62
"7","Argentina",2001,NA,NA,NA,118.06764,97.46418,58.33398,217.003137,2.50857258,9.780807285,0.018440677,NA,65
"8","Argentina",2002,NA,-0.9190252,-0.7579951,118.76197,96.56991,62.23479,203.449358,3.906108758,10.88212438,0.018949906,NA,53
"9","Argentina",2003,NA,-0.7089257,-0.7735142,116.50336,95.75271,64.80838,224.5891013,6.756804907,11.91369655,0.020673789,0.119772236,54
"10","Argentina",2004,NA,-0.7137598,-0.8073725,117.81409,95.49726,65.23664,226.2034849,14.01748719,16.03668411,0.020295029,0.121375117,61.6
"11","Argentina",2005,NA,-0.5483672,-0.5546548,117.13329,94.00601,63.78539,241.194413,23.67378841,17.72058337,0.026925198,0.127963662,56.2
"12","Argentina",2006,NA,-0.6406317,-0.568944,118.83875,93.34782,66.83309,239.1319372,40.0343134,20.9272021,0.025784343,0.141556045,67.4
"13","Argentina",2007,5.49,-0.6682156,-0.5916041,119.35269,93.7097,66.35304,237.6769267,65.04842205,25.94663294,0.023442451,0.14398218,61.4
"14","Argentina",2008,5.49,-0.7375205,-0.6766081,119.44418,95.24818,68.14274,241.2644036,77.1311722,28.11262348,0.019835379,0.157407725,69.6
"15","Argentina",2009,NA,-0.8450356,-0.6754778,118.21313,98.83118,70.53369,239.4185533,86.05580959,34,0.015686503,0.171997598,70
"16","Argentina",2010,NA,-0.7623686,-0.590509,116.71951,101.80077,73.9392,240.4966693,97.71610825,45,0.013390294,0.181266256,69.5
"17","Argentina",2011,NA,-0.7222099,-0.5608934,114.77311,103.60329,77.45682,233.3954255,109.7543337,51,0.01651588,0.191130497,69.5
"18","Argentina",2012,5.43,-0.9292172,-0.6796814,112.97957,105.19624,78.97563,224.6168997,122.3036065,55.8,0.017459785,0.194910584,67.6
"19","Argentina",2013,NA,-0.957261,-0.7076761,110.55958,106.32481,79.98751,227.1297845,146.9447819,59.9,0.015115212,0.194370347,67.6
"20","Argentina",2014,NA,-1.074257,-0.8860345,109.97317,106.77834,82.91648,228.5276589,151.6805073,64.7,0.0118423,0.208352358,68.9
"21","Argentina",2015,NA,-0.9114419,-0.7708121,109.92626,107.07503,85.95887,232.0046875,157.9039594,68.04306411,0.012575498,0.200832539,68.8
"22","Argentina",2016,NA,-0.4696253,-0.3935989,109.48451,108.01528,89.0819,226.6639117,164.9367591,70.96898082,0.020160817,0.197233909,67.4
"23","Argentina",2017,NA,-0.2911722,-0.2455678,NA,NA,NA,215.2727558,177.7735924,NA,NA,NA,66.7
"24","Brazil",1995,NA,NA,NA,NA,NA,NA,81.72074473,NA,0.105138168,0.016679338,NA,56.4
"25","Brazil",1996,NA,0.2969333,-0.2235022,NA,NA,NA,91.598952,NA,0.450789179,0.015832561,NA,57
"26","Brazil",1997,NA,NA,NA,NA,NA,NA,101.6968953,NA,0.786079155,0.016449296,NA,57
"27","Brazil",1998,NA,0.3646649,-0.1936505,NA,NA,NA,117.4500842,0.005876454,1.477874959,0.014638248,NA,57.8
"28","Brazil",1999,NA,NA,NA,165.64539,NA,16.08416,144.6232315,0.040518816,2.038732184,0.016300141,NA,57.4
"29","Brazil",2000,5.48,0.3616906,-0.2084501,NA,NA,NA,176.4316146,0.570491053,2.870685159,0.018135911,NA,51
"30","Brazil",2001,NA,NA,NA,150.78555,NA,18.15428,210.5802414,1.862158944,4.528494869,0.019347325,NA,57
"31","Brazil",2002,NA,0.2966394,-0.231834,146.82779,109.99422,20.69567,215.4341662,4.057706673,9.149425086,0.019322677,NA,58
"32","Brazil",2003,NA,0.3096195,-0.3228946,140.54449,101.86867,23.21699,214.8429324,5.295049435,13.2075861,0.021185634,0.091802952,59
"33","Brazil",2004,NA,0.0334402,-0.3648767,133.69631,102.37103,24.49124,214.2429001,17.0915468,19.07367227,0.021890407,0.104882872,62.8
"34","Brazil",2005,NA,0.0392087,-0.4294896,133.26216,101.29199,25.98963,213.2097296,17.30069365,21.02274725,0.021688729,0.117001973,65.2
"35","Brazil",2006,NA,-0.0324615,-0.3664047,NA,NA,NA,205.2785824,25.22060297,28.17838018,0.020929842,0.148983867,69
"36","Brazil",2007,5.5,-0.0254311,-0.3710029,128.17979,95.17,30.78669,206.2519794,39.83450748,30.88,0.021955053,0.162627582,69.8
"37","Brazil",2008,5.57,0.0539286,-0.315275,132.05521,96.72012,35.5621,213.6773473,51.90674889,33.83,0.022178576,0.184125188,70.8
"38","Brazil",2009,NA,0.0994606,-0.1565112,131.16516,96.66548,37.0384,212.9186789,60.18592091,39.22,0.021914252,0.197783437,71.6
"39","Brazil",2010,NA,0.1524443,0.0440805,NA,NA,NA,214.1372812,71.65222223,40.65,0.021484147,0.21217323,69.2
"40","Brazil",2011,NA,0.1653361,0.0376608,132.49661,95.26338,43.45983,216.5511713,89.75463419,45.69,0.023630169,0.224402553,69.8
"41","Brazil",2012,5.58,0.0939019,-0.0694494,134.5204,92.99245,44.96641,220.9068451,95.33083511,48.56,0.023922898,0.245233142,69.7
"42","Brazil",2013,NA,0.0734235,-0.0801801,113.91982,102.06859,46.81655,222.5108512,105.5322334,51.04,0.024499943,0.252638435,69.7
"43","Brazil",2014,NA,-0.0781973,-0.0498579,114.25471,100.83797,49.91353,216.088884,117.3692977,54.55100188,0.0228144,0.262800434,69.3
"44","Brazil",2015,NA,-0.1926553,-0.1470713,112.77329,100.06712,51.05413,212.0639637,123.7241075,58.32795173,0.022533271,0.259719132,69.6
"45","Brazil",2016,NA,-0.2073155,-0.1572127,113.94543,101.53627,50.48851,202.2796459,128.8524721,60.87254007,0.025041793,0.258154878,69.4
"46","Brazil",2017,NA,-0.1144198,-0.2843208,NA,NA,NA,195.3191951,136.9881595,NA,NA,NA,69.4
"47","China",1995,NA,NA,NA,110.55306,50.40738,4.47949,32.8287658,NA,0.00495471,0.008308884,NA,20
"48","China",1996,NA,-0.2666527,-0.54559,107.35425,54.5773,5.01017,43.95825266,NA,0.013081692,0.009550326,NA,20
"49","China",1997,NA,NA,NA,105.25644,56.9694,5.44761,55.84293882,NA,0.032394861,0.010301811,NA,30
"50","China",1998,NA,-0.3013043,-0.4570543,105.61859,NA,5.95095,68.97433672,NA,0.168540297,0.011072238,NA,34
"51","China",1999,NA,NA,NA,NA,59.75054,6.45695,85.24007525,NA,0.708187957,0.012473508,NA,38.2
"52","China",2000,3.83,-0.3392896,-0.5271608,NA,59.65488,7.62093,112.8655831,0.017946454,1.775913207,0.020073734,NA,42.6
"53","China",2001,NA,NA,NA,110.27607,59.71676,9.76759,139.7185992,0.264402249,2.639650215,0.023617565,NA,46
"54","China",2002,NA,-0.513172,-0.4977296,114.66231,59.98676,12.50686,164.9578906,2.576140269,4.595704331,0.031088722,NA,48.6
"55","China",2003,NA,-0.3333692,-0.5298271,118.94832,61.85099,15.24153,201.1315686,8.707707234,6.2,0.044061627,0.06723176,50.6
"56","China",2004,NA,-0.3086975,-0.5293402,NA,NA,17.44008,237.2558796,19.2424281,7.3,0.050757865,0.092397894,51.4
"57","China",2005,NA,-0.1500192,-0.5890847,NA,NA,18.84937,265.1625086,28.64878962,8.523257003,0.071706348,0.126367165,54.4
"58","China",2006,NA,-0.2011652,-0.6394754,105.47417,70.01993,20.0445,276.6953684,38.78888194,10.52315262,0.093299873,0.144742109,68
"59","China",2007,4.42,-0.1715566,-0.5422143,107.89359,75.02208,20.46084,273.5165033,50.39438191,16,0.116140634,0.163671641,68
"60","China",2008,4.35,-0.1547905,-0.4197974,109.65386,79.81588,20.67279,253.1650886,62.56647957,22.6,0.146890322,0.188707928,70.2
"61","China",2009,NA,-0.2238316,-0.4070508,109.36209,84.01275,22.39873,232.0386097,78.1049532,28.9,0.172089599,0.218086775,71.4
"62","China",2010,NA,-0.234011,-0.409916,107.45686,88.03044,24.05031,216.4970733,94.4430947,34.3,0.219081188,0.236909707,72.2
"63","China",2011,NA,-0.2214281,-0.4648362,105.9067,91.08334,25.2921,208.4966105,116.4225187,38.3,0.309366654,0.248521348,71.6
"64","China",2012,4.37,-0.2408196,-0.5428899,105.23371,92.56813,28.03519,202.2638739,129.6984145,42.30011749,0.396324115,0.245860168,71.6
"65","China",2013,NA,-0.2879804,-0.5245902,103.87623,95.02995,31.45986,193.0765914,139.1717868,45.8,0.519335779,0.26740699,72
"66","China",2014,NA,-0.2829926,-0.4144774,99.20279,NA,41.27773,179.4317934,146.9525827,47.9,0.587226136,0.288771797,71.8
"67","China",2015,NA,-0.2894387,-0.4097947,99.33323,NA,45.35072,165.3480879,202.0434358,50.3,0.706124473,0.299928604,71.8
"68","China",2016,NA,-0.2644748,-0.3344067,100.85381,NA,48.44105,147.2204818,233.9923041,53.2,0.874020157,0.309114469,72.8
"69","China",2017,NA,-0.1476175,-0.2629125,102.05287,NA,51.00674,137.4669092,273.039069,54.3,NA,NA,73.6
"70","Colombia",1995,NA,NA,NA,109.36373,61.25645,16.14718,103.435911,NA,0.18804679,0.003765827,NA,65
"71","Colombia",1996,NA,-0.1054877,-0.7518378,114.57643,65.17204,17.27694,122.0912077,NA,0.330017773,0.002286523,NA,65
"72","Colombia",1997,NA,NA,NA,NA,NA,20.27748,139.5963158,NA,0.550521023,0.002070103,NA,61
"73","Colombia",1998,NA,0.0022869,-0.6365505,119.29401,70.0105,22.64186,162.2810302,NA,1.126225245,0.004103577,NA,61
"74","Colombia",1999,NA,NA,NA,119.63218,70.50242,22.1713,167.3918305,NA,1.697730794,0.001707716,NA,63.2
"75","Colombia",2000,4.54,0.1026202,-0.8896748,120.91092,69.93157,23.1945,178.0216186,0.219582448,2.207532993,0.001856254,NA,63.8
"76","Colombia",2001,NA,NA,NA,118.98313,NA,23.92067,179.8424301,0.337408346,2.854199971,0.001585795,NA,69.2
"77","Colombia",2002,NA,0.0282163,-0.7168011,120.98827,72.66924,23.96583,186.8062224,0.839208793,4.6,0.001298936,NA,69.8
"78","Colombia",2003,NA,-0.0879301,-0.7032688,NA,NA,NA,186.18898,1.528652713,7.388923711,0.001945334,0.016046631,63
"79","Colombia",2004,NA,-0.0465544,-0.6855181,125.02188,78.73016,26.61453,177.620238,2.975201644,9.118690303,0.001778853,0.01897287,63
"80","Colombia",2005,NA,0.0079865,-0.6232535,127.50447,83.40796,29.18513,177.3984412,7.362327187,11.00726389,0.002287133,0.02228915,64.8
"81","Colombia",2006,NA,0.1017461,-0.5051838,128.71779,87.77798,31.332,179.3104948,14.32797206,15.34167454,0.003239367,0.031202862,65.8
"82","Colombia",2007,4.32,0.2413717,-0.4358616,129.41675,91.60346,32.63257,178.5729449,27.20229054,21.8,0.002884535,0.035414426,71.4
"83","Colombia",2008,4.42,0.2619745,-0.3967666,129.4999,93.9714,35.24593,176.5851081,39.46608161,25.6,0.00280614,0.052973679,70.8
"84","Colombia",2009,NA,0.1482843,-0.3884734,129.68543,99.23618,37.07871,164.563969,46.56450528,30,0.002818379,0.059100082,72.4
"85","Colombia",2010,NA,0.2534749,-0.3085898,124.28461,102.02062,39.4091,156.4996258,57.55972422,36.5,0.002896461,0.068404403,72.5
"86","Colombia",2011,NA,0.3592378,-0.2558286,120.51997,103.87368,43.50342,153.5713225,72.14789882,40.35091575,0.003943401,0.0745863,73.2
"87","Colombia",2012,4.94,0.4006766,-0.353872,116.56236,99.85102,46.21621,150.7232868,84.01307766,48.98,0.004543372,0.088237411,72.2
"88","Colombia",2013,NA,0.4028929,-0.4058876,116.62147,100.3381,50.104,150.8451908,95.84569675,51.7,0.005301736,0.09848556,72.2
"89","Colombia",2014,NA,0.4962346,-0.2919019,113.74613,98.76156,53.27874,150.2542344,105.2185379,52.57,0.005440251,0.11074259,78.8
"90","Colombia",2015,NA,0.4654272,-0.2684134,113.56272,98.0919,55.65726,147.407134,114.5741715,55.90497251,0.006655788,0.114465046,81.2
"91","Colombia",2016,NA,0.4020093,-0.278789,113.98817,98.14638,58.72184,146.2586627,121.5324251,58.13649357,0.011201679,0.125797942,81
"92","Colombia",2017,NA,0.3409346,-0.3599672,112.67988,98.58964,60.43015,142.4144791,128.7854234,62.25988032,NA,NA,81.6
"93","Czech Republic",1995,7.53,NA,NA,104.58227,93.96148,20.57858,235.9575597,NA,1.45357584,0.060616313,NA,76
"94","Czech Republic",1996,NA,1.071839,0.9153227,104.23405,97.9561,21.50894,272.1796964,NA,1.940378193,0.059523573,NA,75
"95","Czech Republic",1997,NA,NA,NA,101.78461,87.74616,23.2408,317.235914,NA,2.915698695,0.056191056,NA,76
"96","Czech Republic",1998,NA,0.9551734,0.9228488,103.08726,82.15731,23.74153,362.4251803,NA,3.895906065,0.060615639,NA,77.4
"97","Czech Republic",1999,NA,NA,NA,103.03139,82.96032,25.47479,369.2896185,NA,6.832802018,0.057954892,NA,79.8
"98","Czech Republic",2000,7.46,0.7561927,0.6365668,103.33349,88.3146,28.34885,376.2685875,0.243782023,9.780527888,0.054119609,NA,72
"99","Czech Republic",2001,NA,NA,NA,103.41305,94.80223,29.97584,375.8900125,0.606855213,14.69717212,0.055595768,NA,72.8
"100","Czech Republic",2002,NA,1.200828,0.864072,101.55022,95.49816,34.43732,358.4971342,1.500453667,23.93,0.051584224,NA,73
"101","Czech Republic",2003,NA,1.199913,0.8710438,99.02579,96.48607,37.00779,354.1552787,3.402982814,34.3,0.061310587,0.625348367,73.6
"102","Czech Republic",2004,NA,1.069213,0.7831998,98.59442,95.43885,43.73322,334.7481761,23.14344047,35.5,0.061095796,0.686508842,73.4
"103","Czech Republic",2005,NA,1.110906,0.8675278,99.21254,95.66795,48.3479,313.6366543,69.43962404,35.27,0.057387876,0.785038726,76.8
"104","Czech Republic",2006,NA,1.108626,0.8726435,99.99366,96.03517,50.13498,280.3944694,108.6541969,47.93,0.062604351,0.863246607,82.4
"105","Czech Republic",2007,7.64,1.023206,0.9059033,103.18458,94.95881,54.18163,232.0044463,145.3291578,51.93,0.069522474,0.96981909,86.6
"106","Czech Republic",2008,7.83,1.15504,0.914494,105.73849,94.15311,58.07097,237.7183394,169.4418169,62.97,0.068563045,1.025470112,86
"107","Czech Republic",2009,7.97,1.311661,0.9625925,105.97945,93.85605,61.07872,240.9549297,194.9561928,64.43,0.075546231,1.072162832,85.8
"108","Czech Republic",2010,NA,1.299505,0.9494792,103.80931,94.6607,63.94822,224.6901802,215.8765028,68.82,0.082868629,1.209977459,87.5
"109","Czech Republic",2011,NA,1.201138,1.036918,100.75891,95.79674,65.56837,208.5305546,239.0509683,70.49,0.074599222,1.290452214,87.6
"110","Czech Republic",2012,8.14,1.05909,1.041853,99.34803,96.77193,65.65736,200.0046284,252.7860669,73.43000782,0.082486703,1.327103542,87.1
"111","Czech Republic",2013,NA,1.085486,1.039771,98.70732,103.95861,65.06021,188.871923,271.6467674,74.1104,0.093587079,1.369747711,86.8
"112","Czech Republic",2014,NA,1.005961,1.152181,98.63239,104.64646,65.59253,188.8847562,284.5338971,74.23171164,0.086457957,1.489262064,87.8
"113","Czech Republic",2015,NA,1.098858,1.148101,99.49798,105.04746,64.45735,179.8035452,279.4054158,75.6688387,0.083443493,1.599972084,88
"114","Czech Republic",2016,NA,0.986401,1.035527,100.22582,104.62909,63.7466,165.733558,290.5426405,76.48120138,0.074955055,1.510751318,88
"115","Czech Republic",2017,NA,1.232614,1.116693,NA,NA,NA,152.2494696,288.9721142,78.71917285,NA,NA,87
"116","Egypt, Arab Rep.",1995,NA,NA,NA,85.40171,71.12972,NA,42.63107864,NA,0.031319638,0.006403577,NA,25
"117","Egypt, Arab Rep.",1996,NA,-0.04817,0.0012624,93.53622,68.81091,NA,46.58533807,NA,0.061466899,0.007761792,NA,25
"118","Egypt, Arab Rep.",1997,NA,NA,NA,92.65762,72.73029,NA,52.19423581,NA,0.090480245,NA,NA,41
"119","Egypt, Arab Rep.",1998,NA,-0.3255371,-0.0404679,NA,NA,NA,58.94379025,NA,0.147987377,0.007331764,NA,45.6
"120","Egypt, Arab Rep.",1999,NA,NA,NA,91.045,78.04757,30.07905,68.28775766,NA,0.290445278,0.007810375,NA,55.8
"121","Egypt, Arab Rep.",2000,NA,-0.3394417,-0.0107841,91.00642,79.3398,NA,78.44250767,NA,0.641265038,0.007638831,NA,55
"122","Egypt, Arab Rep.",2001,NA,NA,NA,91.87462,80.2985,29.18048,93.99384559,NA,0.838945611,0.006514389,NA,47.2
"123","Egypt, Arab Rep.",2002,NA,-0.4829958,0.0123453,93.32657,79.54247,30.1635,107.3804977,0.701707084,2.719999715,0.008637539,NA,55
"124","Egypt, Arab Rep.",2003,NA,-0.5981286,0.0213656,94.77909,79.29653,27.03466,118.0781791,0.741397137,4.037885107,0.006663788,0.044552764,57.6
"125","Egypt, Arab Rep.",2004,NA,-0.5084369,0.0195379,96.29779,78.92286,28.19406,125.5493311,1.050875622,11.92,0.00506753,0.047084248,57.4
"126","Egypt, Arab Rep.",2005,NA,-0.4241044,-0.0241827,96.89837,NA,29.36244,135.4050356,1.836446982,12.75,0.005574503,0.046888341,58.2
"127","Egypt, Arab Rep.",2006,NA,-0.4357026,-0.2578102,99.50617,NA,29.02862,138.2780148,3.307691261,13.66,NA,0.050644169,57.6
"128","Egypt, Arab Rep.",2007,NA,-0.2887296,-0.2299755,101.50731,NA,29.2536,141.1772292,6.002621187,16.03,0.006487526,0.056729392,57.2
"129","Egypt, Arab Rep.",2008,NA,-0.1824392,-0.1292502,NA,NA,28.87731,146.4110041,9.508426162,18.01,0.005941655,0.060760521,66
"130","Egypt, Arab Rep.",2009,NA,-0.1971762,-0.1051766,104.01,66.62542,29.35124,125.0537349,13.0660124,20,0.005941913,0.074033813,63.4
"131","Egypt, Arab Rep.",2010,NA,-0.1746296,-0.1794199,103.58192,69.14847,30.21445,114.3549728,17.2591763,21.6,0.007193166,0.07924967,74
"132","Egypt, Arab Rep.",2011,NA,-0.3439164,-0.452047,98.82788,78.90086,25.86772,101.449749,21.481972,25.6,0.007194616,0.086458799,74
"133","Egypt, Arab Rep.",2012,NA,-0.4751413,-0.4723835,103.00787,80.7651,26.91199,97.45108304,26.06409417,26.4,0.007777869,0.096960303,74
"134","Egypt, Arab Rep.",2013,NA,-0.6400837,-0.633282,102.52375,82.79241,29.49582,75.95019446,29.80001666,29.4,0.007137494,0.099648767,73.8
"135","Egypt, Arab Rep.",2014,NA,-0.7625603,-0.6625163,101.12775,83.19278,30.76741,68.79140051,33.41457639,33.89460391,0.0081906,0.101415312,71.4
"136","Egypt, Arab Rep.",2015,NA,-0.8355927,-0.594088,NA,NA,35.12648,66.48810557,40.80277871,37.81938343,0.007656366,0.104828232,70
"137","Egypt, Arab Rep.",2016,NA,-0.9231897,-0.5079602,103.62452,85.94095,34.43619,63.9391194,46.70525242,41.24806709,0.009593611,0.112939168,70.6
"138","Egypt, Arab Rep.",2017,NA,-0.8620573,-0.5348108,104.96193,86.49027,NA,67.70513235,53.54323204,44.95020425,NA,NA,70.2
"139","Greece",1995,7.75,NA,NA,91.36089,89.79264,35.94275,478.5051961,NA,0.749616477,0.025184259,NA,77.8
"140","Greece",1996,NA,0.5371351,1.053524,90.46149,89.81323,39.5983,489.7378087,NA,1.395360779,0.025167785,NA,77.8
"141","Greece",1997,NA,NA,NA,90.27761,89.1849,43.44508,495.4652001,NA,1.849634688,0.027482683,NA,77.8
"142","Greece",1998,NA,0.6164008,0.8063567,92.22221,88.9018,44.62392,501.8425907,NA,3.221821786,0.025745046,NA,77.8
"143","Greece",1999,NA,NA,NA,93.50456,88.04577,46.33764,505.9329506,NA,6.877292144,0.02694742,NA,77.8
"144","Greece",2000,7.6,0.7773918,0.8837191,94.36084,87.1555,50.76597,507.9172104,NA,9.138837308,0.028318104,NA,77.8
"145","Greece",2001,NA,NA,NA,93.33873,91.18351,58.08958,501.3930119,NA,10.93502581,0.035444239,NA,78
"146","Greece",2002,NA,0.9866242,0.7476032,94.61646,96.10605,65.1189,561.1053563,NA,14.67,0.034489015,NA,79.6
"147","Greece",2003,NA,1.01993,0.8182082,95.41,93.5403,70.30627,560.3588256,0.95863222,17.8,0.035962434,0.61131563,81.4
"148","Greece",2004,NA,0.8453354,0.9133037,96.26699,93.59228,76.49533,563.6232223,4.696881583,21.42,0.03459563,0.710205373,79.8
"149","Greece",2005,NA,0.9607569,0.7945819,95.35179,98.1442,85.27269,558.4941215,14.57253338,24,0.042048493,0.841779893,80.2
"150","Greece",2006,NA,0.8585035,0.8736634,94.83267,97.75277,89.29553,544.1908602,44.29800037,32.25,0.048274276,0.969478135,82.4
"151","Greece",2007,7.29,0.8947076,0.8723755,94.0507,95.4497,86.10646,480.5794306,92.09191171,35.88,0.052043391,0.999323617,81.6
"152","Greece",2008,7.38,0.880909,0.8622125,NA,NA,NA,460.0575657,136.037338,38.2,0.056689747,1.062851507,81
"153","Greece",2009,7.39,0.8366709,0.6528149,NA,NA,NA,524.331631,172.5602833,42.4,0.062843156,1.091022009,80.8
"154","Greece",2010,NA,0.6446643,0.6305012,95.55942,102.26857,101.80938,515.2974335,202.5522821,44.4,0.065459732,1.074897353,82.5
"155","Greece",2011,NA,0.4964582,0.5728871,95.5031,99.40997,107.02478,502.9373258,221.9094474,51.64999517,0.0649263,1.077668514,82.6
"156","Greece",2012,7.51,0.5269415,0.4265072,95.89557,100.73309,110.31279,479.9674502,243.4970866,55.06999344,0.05685825,1.084697879,82.1
"157","Greece",2013,NA,0.6334165,0.4650219,95.31457,102.15051,112.00922,476.3242737,265.6757813,59.8663,0.063655866,1.087384456,81.8
"158","Greece",2014,NA,0.3293375,0.3625999,93.95465,99.1206,117.42593,472.1960392,289.7494798,63.21,0.059766371,1.078980388,82.8
"159","Greece",2015,NA,0.409623,0.2671519,95.04954,99.33422,NA,468.9475655,317.8145443,66.835,0.050827645,1.034647542,83
"160","Greece",2016,NA,0.1483869,0.1073592,94.17304,100.20208,126.38262,465.0466804,335.4713,69.08791547,0.056236232,0.995307059,83
"161","Greece",2017,NA,0.2381997,0.0839514,NA,NA,NA,463.8512808,351.1259457,NA,NA,NA,82
"162","Hungary",1995,7.27,NA,NA,104.8473,89.108,22.14968,208.4285764,NA,0.677486054,0.106109373,NA,61
"163","Hungary",1996,NA,0.8505728,0.9105006,102.10639,91.41061,24.58016,256.5777434,NA,0.969239536,0.077876197,NA,59
"164","Hungary",1997,NA,NA,NA,100.5637,94.73108,26.22851,300.2515661,NA,1.942449872,0.071619552,NA,59
"165","Hungary",1998,NA,1.025442,0.8718883,100.63711,91.31779,30.08955,332.9719571,NA,3.894643278,0.067208425,NA,61
"166","Hungary",1999,NA,NA,NA,100.73958,93.90394,32.49985,363.4920881,NA,5.857840749,0.071208583,NA,63.2
"167","Hungary",2000,7.81,1.090353,0.9061415,101.11052,96.12388,35.94206,371.6109038,0.332975189,6.999676351,0.079326442,NA,76.6
"168","Hungary",2001,NA,NA,NA,100.19291,98.44257,39.69977,367.0934044,3.080615055,14.5285543,0.090207916,NA,77.8
"169","Hungary",2002,NA,1.313026,0.9750017,99.00162,100.08513,44.55192,360.8621352,10.97177881,16.67,0.082885372,NA,80
"170","Hungary",2003,NA,1.116598,0.9326175,98.10498,102.20722,52.23486,355.2482381,26.0930592,21.63,0.074633113,0.444264465,76
"171","Hungary",2004,NA,1.16464,0.9132501,97.48522,95.94445,60.0532,352.3451765,40.67528064,27.74,0.074007044,0.474515754,76
"172","Hungary",2005,NA,1.068541,0.8648534,98.14944,96.25511,64.9865,338.6434197,64.60640434,38.97,0.06989149,0.549416505,70
"173","Hungary",2006,NA,1.21221,0.9977335,99.56831,96.08055,67.53781,334.1691945,119.0692031,47.06,0.071291195,0.549110995,82.4
"174","Hungary",2007,7.64,1.19106,0.9641744,98.99529,96.15887,68.28023,324.2888712,144.6442742,53.3,0.068517808,0.585195778,86.6
"175","Hungary",2008,7.85,1.195643,0.9260617,100.63354,96.03713,66.48246,309.6720805,176.3838254,61,0.068040168,0.638412032,86
"176","Hungary",2009,8,1.081764,0.7964902,101.0701,96.24561,64.60862,308.1336351,197.2255841,62,0.075528927,0.601627314,85.8
"177","Hungary",2010,NA,1.016507,0.7802678,100.85159,97.07524,63.72239,299.8873874,215.9416033,65,0.064899851,0.58705865,87.5
"178","Hungary",2011,NA,1.032593,0.764692,100.00387,96.78632,62.58821,296.3480041,231.9650347,68.01998789,0.066387698,0.643750075,87.6
"179","Hungary",2012,8.02,0.9879707,0.6152842,99.68011,98.0402,61.45306,299.9724206,241.5269725,70.57999815,0.069755519,0.662334701,87.1
"180","Hungary",2013,NA,0.9061847,0.5826928,99.95981,104.6847,57.04961,302.5919209,262.5227406,72.6439,0.064893832,0.653790194,86.8
"181","Hungary",2014,NA,0.7519903,0.5019311,101.82841,104.15525,51.99847,306.8531748,261.5461784,75.65319745,0.055338952,0.695172781,87.8
"182","Hungary",2015,NA,0.7662329,0.3999434,102.3013,103.00084,48.94695,316.2563082,276.2152053,72.8347,0.057807415,0.667101628,88
"183","Hungary",2016,NA,0.6034219,0.4230757,101.87092,102.70039,48.03065,319.8651818,286.7859592,79.25940132,0.062767328,0.632523482,88
"184","Hungary",2017,NA,0.6497676,0.5296943,NA,NA,NA,322.1291976,302.2744721,76.75054712,NA,NA,87
"185","India",1995,NA,NA,NA,94.40945,45.56564,5.5526,12.47081162,NA,0.026228879,0.001608566,NA,0
"186","India",1996,NA,-0.55335,0.3134562,94.26944,45.49937,6.28952,14.85621797,NA,0.046333977,0.001696814,NA,14
"187","India",1997,NA,NA,NA,93.89067,46.05303,6.56963,17.8480059,NA,0.070767849,0.00193101,NA,13.2
"188","India",1998,NA,-0.4552507,0.3539906,92.25381,NA,NA,21.25417098,NA,0.139027329,0.002211671,NA,13.2
"189","India",1999,NA,NA,NA,92.92443,43.24251,NA,25.62623499,NA,0.273224277,0.00213235,NA,24
"190","India",2000,3.14,-0.1560733,0.330215,94.62191,45.08434,9.55203,30.8020568,NA,0.52753245,0.002094865,NA,19.6
"191","India",2001,NA,NA,NA,94.44649,45.36015,9.74054,35.96545353,0.04666452,0.660146377,0.002220298,NA,25.6
"192","India",2002,NA,-0.3541076,0.0033842,95.05657,47.28333,10.22601,38.00672573,0.075617969,1.537875582,0.002471079,NA,21.8
"193","India",2003,NA,-0.3484355,0.1309935,102.99474,49.83808,10.67794,37.90518449,0.126677322,1.686489971,0.003091078,0.0241845,23
"194","India",2004,NA,-0.4284641,0.0400426,NA,51.58387,10.9876,41.02349463,0.208678212,1.976136492,0.003564401,0.025689709,23.6
"195","India",2005,NA,-0.2887118,0.1279031,NA,54.18254,10.73248,43.85603534,1.178199457,2.388075,0.00412632,0.029031779,38
"196","India",2006,NA,-0.2798955,0.1773311,NA,55.09013,11.54214,35.0867313,1.979383909,2.805499865,0.004893381,0.033210878,24
"197","India",2007,3,-0.3048282,0.0937817,110.23721,57.48499,13.19024,33.27169976,2.653259115,3.95,0.005337035,0.036980244,51.2
"198","India",2008,3.12,-0.389451,0.0860389,110.87977,60.56554,15.11899,31.65860414,4.410486277,4.38,0.005366927,0.04075874,51
"199","India",2009,NA,-0.3267712,0.013824,109.59071,59.8063,16.10566,30.52039165,6.378901857,5.12,0.005980547,0.045020542,51
"200","India",2010,NA,-0.3786293,-0.0373948,109.1993,63.30534,17.91488,28.50572739,8.927841095,7.5,0.007191827,0.051008274,67.9
"201","India",2011,NA,-0.3445381,-0.0906937,108.38264,66.43485,22.86528,26.32642117,10.70461941,10.07,0.007088474,0.060403403,64.2
"202","India",2012,3.06,-0.4727815,-0.0719619,109.7727,69.18344,24.37172,24.4964409,11.86175525,12.58006091,0.007563343,0.065065649,64.1
"203","India",2013,NA,-0.4706369,-0.0573186,110.57465,68.91158,23.89487,22.70751774,11.67535683,15.1,0.008344529,0.06956439,63.6
"204","India",2014,NA,-0.4477591,-0.0632454,107.86236,74.28421,25.53735,20.86788349,12.1728847,21,0.009305494,0.077732409,65.6
"205","India",2015,NA,-0.3914646,-0.0473181,108.49523,73.97899,26.87559,19.49499439,12.94274358,26,0.009609229,0.081481285,64.6
"206","India",2016,NA,-0.306505,-0.0288655,114.52528,75.17671,26.92859,18.42963898,14.0867811,29.54716289,0.009967743,0.083312178,71
"207","India",2017,NA,-0.2540298,0.0048039,NA,NA,NA,17.34993414,13.33354912,NA,NA,NA,72.6
"208","Indonesia",1995,NA,NA,NA,110.53848,47.58966,11.33226,16.70841765,NA,0.026109477,0.000309711,NA,45
"209","Indonesia",1996,NA,-0.0508105,-0.4898703,110.01358,50.35956,11.54181,20.9390668,NA,0.056623989,0.000200085,NA,73
"210","Indonesia",1997,NA,NA,NA,109.95016,54.10071,13.3839,24.56516708,NA,0.194910264,0.000389496,NA,73
"211","Indonesia",1998,NA,-0.3399186,-0.7827358,110.77673,54.34818,13.35983,27.08421489,NA,0.255306646,0.000452081,NA,73
"212","Indonesia",1999,NA,NA,NA,111.38115,54.42792,14.74953,29.14586311,NA,0.444415936,0.000728623,NA,73
"213","Indonesia",2000,3.02,-0.206866,-0.7173401,108.77768,55.09744,14.87963,31.49565798,0.018908915,0.925563864,0.000742175,NA,66
"214","Indonesia",2001,NA,NA,NA,109.76561,55.55807,14.1872,33.65370249,0.06992795,2.018613859,0.000988315,NA,67.2
"215","Indonesia",2002,NA,-0.6400325,-0.9140038,109.88521,57.17646,14.80883,35.6310246,0.17608543,2.134135733,0.001075822,NA,72.6
"216","Indonesia",2003,NA,-0.795902,-0.8508331,109.45362,60.15143,16.02533,36.53735601,0.279307807,2.38701978,0.000911378,0.001630958,74.6
"217","Indonesia",2004,NA,-0.7015996,-0.7736328,108.83626,61.86218,16.61646,46.40295726,0.379671012,2.600285876,0.001015139,0.002000763,74.2
"218","Indonesia",2005,NA,-0.6254227,-0.8215282,107.83769,60.12814,17.25585,59.58125951,0.477255953,3.602024763,0.001036554,0.002405246,77.2
"219","Indonesia",2006,NA,-0.3844717,-0.7190338,106.13361,62.58083,17.31293,64.48333163,0.845668815,4.764813134,0.001253055,0.002693199,74.6
"220","Indonesia",2007,3.29,-0.3449852,-0.6814666,109.24263,69.71171,17.76986,83.82153312,3.342516293,5.786274729,0.001218941,0.002634458,74
"221","Indonesia",2008,3.23,-0.3482862,-0.6538706,108.08283,68.25173,20.42921,128.6338251,4.156355899,7.917479385,0.00163449,0.002870944,73
"222","Indonesia",2009,NA,-0.3617966,-0.6026188,109.18805,72.79123,22.37511,145.4397822,7.787320455,6.92,0.001733932,0.004236642,76.4
"223","Indonesia",2010,NA,-0.415857,-0.6399979,110.04597,74.54996,23.03974,168.7710999,9.40242963,10.92,0.002094637,0.005544191,77.9
"224","Indonesia",2011,NA,-0.3519141,-0.5930304,109.99629,77.6238,24.77697,157.1684962,11.13673322,12.28,0.002169246,0.007412879,73.8
"225","Indonesia",2012,3.11,-0.2787625,-0.5756818,109.32771,79.91576,28.69834,152.6131539,11.98554027,14.52,NA,0.008147596,73.9
"226","Indonesia",2013,NA,-0.1954409,-0.5307681,106.1295,82.94937,29.46726,121.8996752,12.9023164,14.94,0.002630616,0.011015653,75
"227","Indonesia",2014,NA,-0.1076597,-0.3421807,104.73789,83.55867,29.56034,102.7901826,13.32648112,17.14,0.002751526,0.013582036,74.8
"228","Indonesia",2015,NA,-0.2175578,-0.422096,104.13334,87.29935,NA,40.19969034,15.42829021,21.97606771,0.0040982,0.019644633,74.8
"229","Indonesia",2016,NA,-0.1223439,-0.3447435,103.45504,86.04771,NA,41.18067986,20.01946985,25.45,0.004216526,0.029598784,80.4
"230","Indonesia",2017,NA,-0.1063154,-0.3464352,103.45248,87.77188,36.27719,42.31964332,22.89738408,32.2924419,NA,NA,80.5
"231","Israel",1995,NA,NA,NA,102.82809,89.98753,39.85482,439.2091147,NA,0.93042297,0.228313796,NA,80.4
"232","Israel",1996,NA,1.082424,1.278926,103.3735,89.52658,42.03387,462.6606004,NA,2.1683676,0.21398454,NA,81
"233","Israel",1997,NA,NA,NA,NA,NA,NA,475.0029477,NA,4.399405482,0.246915696,NA,81
"234","Israel",1998,NA,1.099374,1.027399,NA,NA,46.83164,486.8859937,NA,10.30706995,0.326578463,NA,81
"235","Israel",1999,NA,NA,NA,104.76242,100.28954,48.44406,488.4779956,NA,13.43612191,0.335183673,NA,83
"236","Israel",2000,8.8,1.129896,1.02476,105.9737,102.99309,49.47,494.5341012,NA,20.87379,0.254253458,NA,83
"237","Israel",2001,NA,NA,NA,106.00594,103.95034,51.78451,494.8177103,6.812393229,17.37862386,0.193818916,NA,83
"238","Israel",2002,NA,0.9596179,1.096627,105.88583,106.03527,56.80517,481.7859739,35.26073059,17.76459906,0.184627093,NA,83
"239","Israel",2003,NA,0.938236,0.9407241,105.42526,105.43559,56.78111,458.7749088,94.63802562,19.59339366,0.198663617,1.446462472,77
"240","Israel",2004,NA,0.826647,0.862099,105.07806,104.51775,56.50945,447.6854923,143.9271552,22.77048553,0.226758702,1.503451314,77
"241","Israel",2005,NA,0.8639424,0.8173937,103.54521,104.74395,58.10115,444.6930699,177.4326489,25.19404242,0.240833466,1.500468969,77
"242","Israel",2006,NA,0.9978138,0.9015248,102.6055,104.89515,57.69248,444.7903996,201.4545558,27.88107446,0.19025476,1.565192736,81
"243","Israel",2007,8.16,1.100534,0.829284,103.13343,104.27916,60.54046,444.1343207,212.8800435,48.12806219,0.224927229,1.565284606,85.2
"244","Israel",2008,8.22,1.171127,0.846117,102.50736,102.88964,59.75788,454.2502124,230.4071804,59.39,0.209063047,1.555221103,86.6
"245","Israel",2009,NA,1.101107,0.8413505,102.88811,101.99469,62.4523,456.2531517,230.1752699,63.12,0.185289088,1.505664209,86
"246","Israel",2010,NA,1.216991,0.9160219,104.25073,102.04908,NA,458.9306243,231.1244032,67.5,0.190198856,1.444776746,87.8
"247","Israel",2011,NA,1.316737,1.012864,105.00454,101.67817,65.84584,462.4262793,241.9620644,68.87387799,0.175126838,1.469893636,87.8
"248","Israel",2012,8.14,1.177436,0.9345552,105.61408,101.0463,67.80564,466.8075055,244.8644207,70.8,0.166740408,1.506390241,83.6
"249","Israel",2013,NA,1.166611,0.9780432,104.4626,101.5149,66.28901,434.5933215,248.5265835,70.25031195,0.149016688,1.457882003,83
"250","Israel",2014,NA,1.216221,1.107663,104.03085,101.8504,66.1886,431.5398594,259.3814282,75.01775316,0.136932945,1.492970775,82.9
"251","Israel",2015,NA,1.272598,1.16229,104.48587,102.48724,64.74824,423.0863804,259.3047816,77.35208966,0.153339459,1.4577869,88.6
"252","Israel",2016,NA,1.31263,1.072202,103.62905,104.0466,64.16391,407.7506266,264.2171776,79.65312418,0.15211795,1.39161011,88.2
"253","Israel",2017,NA,1.271691,1.021373,NA,NA,NA,389.3496059,268.8122676,81.58118359,NA,NA,88
"254","Malaysia",1995,NA,NA,NA,97.44548,64.81419,10.96898,162.5933121,NA,0.145673837,0.006879526,NA,67
"255","Malaysia",1996,NA,0.7846446,0.521091,97.7757,66.428,NA,179.3871672,NA,0.852044466,0.010512136,NA,67
"256","Malaysia",1997,NA,NA,NA,NA,67.0107,NA,195.8255672,NA,2.307393234,0.008300362,NA,55
"257","Malaysia",1998,NA,0.5853965,0.3034184,96.09936,78.6361,21.65023,198.2569533,NA,6.751770483,0.008727714,NA,65
"258","Malaysia",1999,NA,NA,NA,95.81674,77.85853,22.62636,195.5659899,NA,12.3055022,0.009622054,NA,72.2
"259","Malaysia",2000,6.37,0.5629202,0.2731184,98.63761,77.41333,25.63143,199.6065835,NA,21.38473116,0.008884822,NA,68.8
"260","Malaysia",2001,NA,NA,NA,98.03108,76.8992,25.02013,198.7249454,0.168784155,26.6959725,0.011435127,NA,66
"261","Malaysia",2002,NA,0.5554124,0.4508347,96.53681,77.00976,27.47041,192.9806799,0.797642496,32.33820434,0.013306439,NA,66.6
"262","Malaysia",2003,NA,0.6254485,0.5239099,97.30514,82.88581,30.63687,185.1681314,4.471761842,34.97115234,0.015229638,0.070522133,73
"263","Malaysia",2004,NA,0.4722339,0.5179631,99.68005,84.11178,30.06873,176.6205509,10.03014645,42.25226563,0.02073559,0.080205421,73.4
"264","Malaysia",2005,NA,0.6416844,0.4970897,100.01318,80.66053,27.96216,170.1383583,18.82741342,48.62917025,0.020343427,0.094842462,75.8
"265","Malaysia",2006,NA,0.5509718,0.4673473,98.86633,79.88202,28.51358,166.0867534,28.72599706,51.63798899,0.020310925,0.123544738,76.6
"266","Malaysia",2007,6.23,0.506119,0.4377053,98.28408,77.78374,30.1827,163.3750966,38.87951725,55.7,0.025163521,0.146586897,76.8
"267","Malaysia",2008,6.06,0.3163688,0.3449331,98.44859,77.53477,33.69656,166.5002586,49.03163354,55.8,0.030172178,0.22529912,76.2
"268","Malaysia",2009,NA,0.3036891,0.4559681,99.18632,76.56195,35.79298,163.8810807,56.27887865,55.9,0.044701427,0.291073665,78.2
"269","Malaysia",2010,NA,0.5889426,0.4781646,100.24497,77.6124,37.31968,163.9781094,74.62216969,56.3,0.043788679,0.393308421,78.7
"270","Malaysia",2011,NA,0.5820687,0.4786865,101.78267,76.96805,35.70515,157.9493551,87.53933281,61,0.037576225,0.489042689,78.7
"271","Malaysia",2012,6.1,0.5704837,0.4650322,103.52835,80.50842,36.32756,157.3132761,100.1321337,65.8,0.038189324,0.505381198,78.8
"272","Malaysia",2013,NA,0.636703,0.4357612,105.32047,80.87317,36.97965,152.685971,98.92709812,57.05751226,0.040361233,0.54839773,77
"273","Malaysia",2014,NA,0.8377209,0.5882955,104.58289,84.70398,36.86677,145.897761,101.263672,63.66542588,0.0447598,0.57393444,76.4
"274","Malaysia",2015,NA,0.7526733,0.5019322,103.29123,84.97318,42.37377,146.1275706,99.7228312,71.06406781,0.041401998,0.621313143,80
"275","Malaysia",2016,NA,0.7117952,0.4991678,103.48467,85.1648,44.11669,155.1017699,87.17660879,78.78830993,0.035559386,0.651916736,81.4
"276","Malaysia",2017,NA,0.6835025,0.4142447,103.0962,86.16255,41.92992,208.0111651,84.99170131,80.14047901,NA,NA,81.2
"277","Mexico",1995,NA,NA,NA,109.31418,56.52397,13.60487,93.58260211,NA,0.10256419,0.004593517,NA,66.2
"278","Mexico",1996,NA,0.131713,-0.7266464,108.80153,59.09875,14.58871,92.23934607,NA,0.20040628,0.004033967,NA,63
"279","Mexico",1997,NA,NA,NA,108.20454,61.69567,15.39558,95.12283698,NA,0.62731154,0.004317357,NA,63
"280","Mexico",1998,NA,0.2093759,-0.5106046,107.47308,65.50302,16.59718,100.4526689,NA,1.265783278,0.004584025,NA,74.8
"281","Mexico",1999,NA,NA,NA,107.2176,67.8402,17.75318,108.9463801,NA,1.857436221,0.004536365,NA,77
"282","Mexico",2000,5.43,0.2536656,-0.3826113,107.17324,70.49521,19.05062,121.2319666,0.1474641,5.081384153,0.004237135,NA,63
"283","Mexico",2001,NA,NA,NA,106.90052,72.14605,19.95269,133.6425521,0.485121009,7.038023117,0.005181092,NA,83
"284","Mexico",2002,NA,0.4532809,-0.3097694,106.93374,74.45904,21.01709,143.5005295,2.218242071,11.9,0.005040457,NA,81.2
"285","Mexico",2003,NA,0.3637139,-0.3322099,106.66865,77.91896,21.97108,154.5815598,4.054990184,12.9,0.004430121,0.062490266,81
"286","Mexico",2004,NA,0.4268156,-0.3740855,105.71164,79.16391,22.84649,168.9157393,9.881548101,14.1,0.005280592,0.067281282,81.6
"287","Mexico",2005,NA,0.1944254,-0.3469595,104.64657,79.88437,23.41172,179.8803653,17.72206615,17.21,0.005383867,0.076388216,75.2
"288","Mexico",2006,NA,0.3782291,-0.4314989,103.3554,81.67158,23.86968,180.4057589,27.43150847,19.52,0.005213803,0.084674345,57.4
"289","Mexico",2007,5.35,0.3878794,-0.4940353,103.25945,82.70132,24.34877,178.8139877,40.27690604,20.81,0.00562429,0.084874912,77.6
"290","Mexico",2008,5.45,0.3382414,-0.6678741,103.50127,84.26132,24.90479,180.2842149,66.27233075,21.71,0.006026651,0.092170801,79
"291","Mexico",2009,NA,0.2248415,-0.559861,104.58855,83.63714,25.3229,168.8717761,83.46953785,26.34,0.007116561,0.093050334,80.2
"292","Mexico",2010,NA,0.2527093,-0.5508309,105.11196,84.3125,26.29703,169.7819877,90.20593699,31.05,0.008106108,0.097480423,82
"293","Mexico",2011,NA,0.2799248,-0.5492158,105.76996,84.68808,27.19712,167.9133189,97.12039087,37.17629541,0.008942815,0.100419836,81.2
"294","Mexico",2012,5.07,0.4771238,-0.534087,106.39688,86.27838,28.51312,170.3888808,108.2302345,39.75,0.010709411,0.105492664,72.9
"295","Mexico",2013,NA,0.4689431,-0.5444897,106.0886,88.2568,29.4616,151.7393558,104.0337225,43.46,0.009874652,0.109923642,80.6
"296","Mexico",2014,NA,0.4259591,-0.4228251,105.17832,91.8336,30.22978,149.4079291,104.9134692,44.39,0.010030462,0.117433683,85.6
"297","Mexico",2015,NA,0.3577256,-0.4470899,104.11754,95.26338,30.79432,160.2252836,117.2259493,57.43104299,0.010834774,0.115063077,85.6
"298","Mexico",2016,NA,0.2871219,-0.5562058,103.93277,97.27147,36.85074,161.4468301,125.7174833,59.540446,0.010271253,0.113919961,79.2
"299","Mexico",2017,NA,0.1962538,-0.5666184,NA,NA,NA,159.5087136,132.6369269,63.85224909,NA,NA,80
"300","Pakistan",1995,NA,NA,NA,NA,NA,NA,17.31953722,NA,0.000122702,0.000170969,NA,32.4
"301","Pakistan",1996,NA,-0.5100792,-0.6252896,NA,NA,NA,18.8726167,NA,0.00299173,0.000127046,NA,31
"302","Pakistan",1997,NA,NA,NA,NA,NA,NA,19.81314352,NA,0.027549238,0.000209161,NA,30
"303","Pakistan",1998,NA,-0.4823398,-0.7557318,NA,NA,NA,20.1204864,NA,0.043947719,0.000340256,NA,35
"304","Pakistan",1999,NA,NA,NA,NA,NA,NA,21.22512171,NA,0.055357238,0.00032495,NA,29
"305","Pakistan",2000,2.12,-0.7600321,-0.9287443,73.8295,NA,NA,22.04293668,NA,NA,0.000332074,NA,43
"306","Pakistan",2001,NA,NA,NA,74.61586,NA,NA,22.96586863,NA,1.318550779,0.0004096,NA,49.4
"307","Pakistan",2002,NA,-0.780275,-0.7777725,75.51888,NA,NA,25.2704411,NA,2.577426737,0.000380217,NA,59
"308","Pakistan",2003,NA,-0.7143597,-0.7742094,78.01315,22.8129,2.72384,27.40236834,NA,5.041158126,0.000385909,0.0096186,44.2
"309","Pakistan",2004,NA,-0.9052928,-0.8769779,83.0699,25.21502,3.4055,29.85953735,NA,6.164320985,0.000484148,0.0111752,55.6
"310","Pakistan",2005,NA,-0.6401119,-0.8904083,87.87425,26.43492,4.92532,33.96687877,0.094860838,6.332329098,0.000929116,0.015084173,54.6
"311","Pakistan",2006,NA,-0.4835909,-0.8564096,84.72051,32.16346,4.97653,33.35590305,0.169395401,6.5,0.000579271,0.017882924,59
"312","Pakistan",2007,1.89,-0.5329705,-0.8870074,90.88514,34.62237,5.61424,29.97640398,0.281620174,6.8,0.000679835,0.02097697,63.6
"313","Pakistan",2008,2.24,-0.5982134,-0.968671,91.88047,35.08447,5.59254,26.98981157,1.027116061,7,0.001038837,0.024716367,65.2
"314","Pakistan",2009,NA,-0.5784156,-0.8310665,93.66448,35.17538,6.91549,36.7809964,2.344387816,7.5,NA,0.029436171,65.6
"315","Pakistan",2010,NA,-0.5967962,-0.7387198,95.41277,35.75693,NA,35.64193547,4.628788447,8,0.000668386,0.033191803,67
"316","Pakistan",2011,NA,-0.6340992,-0.901871,91.66004,36.61364,8.65229,32.84869044,6.695788509,9,0.000528176,0.037000472,67
"317","Pakistan",2012,2.45,-0.7171134,-0.8842213,91.10076,38.17809,9.91496,32.94848232,8.525636165,9.96,0.000539594,0.039786628,66
"318","Pakistan",2013,NA,-0.7003065,-0.8568158,89.50597,39.71069,10.35413,35.06009036,8.959780691,10.9,0.000830983,0.044455366,66
"319","Pakistan",2014,NA,-0.6828627,-0.7603385,93.24638,41.51088,10.3382,26.39672758,10.82578562,12,0.000786866,0.043467328,64.8
"320","Pakistan",2015,NA,-0.627013,-0.7666657,92.40915,44.38661,9.91004,18.67985224,9.468761973,14,0.001103598,0.044023537,65.6
"321","Pakistan",2016,NA,-0.6395842,-0.8043765,97.70962,46.10918,9.7335,16.06811153,8.502978487,15.51455779,0.001055882,0.047517779,65
"322","Pakistan",2017,NA,-0.5933395,-0.7238382,95.9226,45.47822,10.11885,14.92388269,9.286928056,NA,NA,NA,67.2
"323","Peru",1995,4.93,NA,NA,119.87259,69.60365,27.02245,46.14343668,NA,0.033412305,NA,NA,51
"324","Peru",1996,NA,0.4947839,-0.6967246,119.18434,71.90796,25.60634,58.71865533,NA,0.24623258,0.002127566,NA,55
"325","Peru",1997,NA,NA,NA,118.06551,72.60709,25.69294,66.29448119,NA,0.403429701,0.001933347,NA,58.6
"326","Peru",1998,NA,0.6153647,-0.7080341,121.01641,81.00617,NA,61.71065679,NA,1.19038044,NA,NA,65.2
"327","Peru",1999,NA,NA,NA,121.86099,82.38394,39.01945,66.03733245,0.002934123,1.952497608,0.001877839,NA,66
"328","Peru",2000,4.99,0.4397036,-0.6897218,121.29987,84.69561,34.59748,66.25988877,0.041597725,3.076430611,0.001543515,NA,67.8
"329","Peru",2001,NA,NA,NA,120.89458,87.55559,31.18798,59.82004818,NA,7.578762957,0.001370835,NA,66.6
"330","Peru",2002,NA,0.0160937,-0.4675915,120.4594,88.64568,31.58657,62.27566322,1.405975092,8.96694917,0.001090165,NA,60.4
"331","Peru",2003,NA,0.1603966,-0.5218028,118.94183,81.40245,31.57589,68.2746636,3.486113051,11.6,0.001187925,0.007573019,59.8
"332","Peru",2004,NA,0.2127779,-0.4893968,118.03007,84.57921,33.24762,80.4305869,8.34555718,14.1,0.001393309,0.00762287,59.8
"333","Peru",2005,NA,0.031204,-0.6836704,117.47493,85.44729,33.17797,87.01884543,12.7713424,17.1,0.000977892,0.008518526,59.8
"334","Peru",2006,NA,0.1347653,-0.6867918,116.80154,88.07184,34.3239,91.56483462,17.34883619,20.7,0.001395352,0.010533116,67.2
"335","Peru",2007,4.43,0.2779833,-0.7295002,116.51846,90.52018,NA,100.5314653,20.15422764,25.2,0.000989654,0.011165415,72.6
"336","Peru",2008,4.64,0.3453731,-0.7044131,112.89253,91.04849,NA,107.3748393,25.33215232,30.57,0.001082327,0.012747024,73.4
"337","Peru",2009,NA,0.3866532,-0.613784,111.10525,93.40163,NA,122.3594691,28.53862042,31.4,0.001275796,0.014495798,79.4
"338","Peru",2010,NA,0.4503337,-0.5629226,110.36501,94.70006,NA,107.5754777,31.74624628,34.77,0.001327721,0.016160745,85
"339","Peru",2011,NA,0.4635442,-0.5765122,107.35716,95.2075,NA,109.221949,40.7179922,36.01,0.001310484,0.019230518,86
"340","Peru",2012,5.01,0.4919731,-0.5743826,101.44092,93.43055,NA,113.2491744,47.8393059,38.2,0.001790512,0.019970844,85
"341","Peru",2013,NA,0.458948,-0.565968,103.10723,97.8962,NA,104.8852904,52.76539244,39.2,0.002388297,0.022309309,85
"342","Peru",2014,NA,0.5209098,-0.5210678,101.42063,95.6204,NA,97.90854423,57.0508767,40.2,0.002679723,0.024569506,87
"343","Peru",2015,NA,0.491347,-0.4854575,101.69511,95.74452,NA,92.7917114,63.724383,40.9,0.002135344,0.029008814,87
"344","Peru",2016,NA,0.5083464,-0.482017,103.13543,98.01476,69.61644,96.7608604,66.74553868,45.46174069,0.002266015,0.031711623,87
"345","Peru",2017,NA,0.4182274,-0.501247,101.67299,98.52438,NA,95.81811062,71.82285608,48.72763146,NA,NA,87.1
"346","Philippines",1995,NA,NA,NA,104.90393,77.3021,27.29947,20.18507292,NA,0.028585702,0.002419965,NA,42
"347","Philippines",1996,NA,0.0156001,0.0745114,108.58115,76.29515,28.78787,25.01185964,NA,0.055946029,0.00228144,NA,47
"348","Philippines",1997,NA,NA,NA,106.7765,76.02041,NA,28.44052162,NA,0.136912963,0.001710811,NA,53.2
"349","Philippines",1998,NA,0.252921,0.0898332,108.20921,74.67671,27.46984,33.3576348,NA,1.103405994,0.002182246,NA,59
"350","Philippines",1999,NA,NA,NA,108.98145,74.34833,28.73305,37.89093119,NA,1.431608803,0.001886402,NA,58.4
"351","Philippines",2000,4.59,0.1180455,-0.3752432,109.37752,NA,NA,39.25279411,NA,1.982253196,0.001974572,NA,64.6
"352","Philippines",2001,NA,NA,NA,108.6725,74.67666,30.3365,41.61272694,0.125525142,2.52400566,0.001694589,NA,68.4
"353","Philippines",2002,NA,-0.095482,-0.3747749,107.97195,79.13769,30.16813,40.69882189,0.258137286,4.332275746,0.001831546,NA,71.6
"354","Philippines",2003,NA,-0.0476736,-0.4913498,107.82258,81.23021,29.06303,40.22547753,0.662395588,4.857672267,0.001698141,0.004358563,77.4
"355","Philippines",2004,NA,-0.2989835,-0.5681162,106.81557,83.28062,28.35254,40.5946171,1.051034293,5.243628452,0.001865881,0.004090767,77
"356","Philippines",2005,NA,-0.1802779,-0.3501435,105.9492,82.85509,27.51209,39.02963523,1.425686326,5.397636329,0.002434099,0.004916879,79.4
"357","Philippines",2006,NA,-0.169674,-0.4109581,103.94502,81.2246,27.83903,41.37583464,3.01824113,5.740586325,0.002539591,0.004672619,79.8
"358","Philippines",2007,4.48,-0.1158655,-0.4642206,104.28667,81.19289,NA,44.12507564,5.556407304,5.97,0.002519781,0.005238904,79.8
"359","Philippines",2008,4.25,-0.0786918,-0.5456504,105.97782,81.94592,29.2091,44.91522069,11.52280464,6.22,0.002380116,0.005824674,78.8
"360","Philippines",2009,NA,-0.1061816,-0.5705019,108.08449,84.12452,28.54713,44.45847887,18.67697444,9,0.001865087,0.006380334,78.6
"361","Philippines",2010,NA,-0.2335325,-0.5525826,NA,NA,29.61285,35.58645193,NA,25,0.001813786,0.00730102,77.8
"362","Philippines",2011,NA,-0.2276281,-0.5110555,NA,NA,30.82373,37.32187115,18.79763563,29,0.001952183,0.009257127,77.8
"363","Philippines",2012,3.94,-0.0611084,-0.5231603,NA,NA,31.22663,36.06157835,22.16036352,36.2351,0.001672402,0.008816245,75.5
"364","Philippines",2013,NA,-0.0719822,-0.4033903,NA,NA,33.53661,31.97402521,26.12482777,48.09902359,0.002233933,0.009766348,75.5
"365","Philippines",2014,NA,-0.0368149,-0.3173108,113.89061,87.32971,35.64196,30.90076428,28.97037808,49.6,0.003336588,0.010439326,75.5
"366","Philippines",2015,NA,-0.0430832,-0.3428977,113.00704,88.33479,NA,31.69388908,28.51065481,53.7,0.003686723,0.013613346,75.4
"367","Philippines",2016,NA,-0.0041014,-0.354926,110.86949,89.09928,NA,36.60427675,28.89513729,55.5,0.003164918,0.015182894,76.4
"368","Philippines",2017,NA,0.0186992,-0.4144728,NA,NA,35.27809,39.68125992,32.39947468,NA,NA,NA,76.4
"369","Poland",1995,6.69,NA,NA,97.63238,93.99037,31.18402,148.9754199,NA,0.647752333,0.067236692,NA,57
"370","Poland",1996,NA,0.7247924,0.767495,97.70031,93.93027,35.35457,169.6566766,NA,1.295200255,0.06242173,NA,57
"371","Poland",1997,NA,NA,NA,99.28707,97.15967,39.8959,194.868902,NA,2.073465474,0.062070404,NA,49.6
"372","Poland",1998,NA,0.7166154,0.8575056,100.10545,97.68114,39.20679,228.5473743,NA,4.102272002,0.062255129,NA,73
"373","Poland",1999,NA,NA,NA,99.10102,99.1022,44.97289,263.8679722,NA,5.45644373,0.059104604,NA,73
"374","Poland",2000,7.23,0.7536228,0.7141861,98.57536,100.11797,49.68165,283.9280533,NA,7.285428708,0.062835498,NA,74.8
"375","Poland",2001,NA,NA,NA,98.14571,101.64251,54.76939,295.9193884,0.313741272,9.900669707,0.057571523,NA,77.6
"376","Poland",2002,NA,0.7710903,0.7093069,97.08197,103.80816,57.86384,308.2091395,3.182915025,21.15,0.060501647,NA,78.8
"377","Poland",2003,NA,0.7435727,0.5613903,96.01967,105.70787,59.48876,319.7925452,5.123784929,24.87,0.059364626,0.417439589,70.2
"378","Poland",2004,NA,0.8242418,0.4226498,95.19011,97.56375,61.0612,326.9469586,22.93907882,32.53,0.062358864,0.47058288,70.4
"379","Poland",2005,NA,0.8279473,0.4808049,94.5408,99.59421,63.60012,308.5354652,24.76478396,38.81,0.053137072,0.51958519,79.2
"380","Poland",2006,NA,0.7275952,0.404506,94.57998,98.66897,65.37525,299.3036756,76.32551902,44.58,0.056552919,0.55759553,82.4
"381","Poland",2007,7.24,0.7722009,0.4286534,94.71444,98.11852,67.23524,273.6937799,109.4947976,48.6,0.062748291,0.565804909,86.6
"382","Poland",2008,7.38,0.8322434,0.5465031,94.85401,97.20891,70.26866,246.6733997,117.0517287,53.13,0.065257717,0.6131314,86
"383","Poland",2009,7.41,0.9520382,0.6284057,95.59743,96.31356,72.36704,221.6172684,146.6779784,58.97,0.075986322,0.615198266,85.8
"384","Poland",2010,NA,0.9808911,0.6835747,96.59071,96.00643,74.80387,200.062745,153.9975744,62.32,0.084194657,0.645365322,87.5
"385","Poland",2011,NA,0.9282178,0.766174,97.49824,95.91671,74.67247,178.8212332,183.1721959,61.94999897,0.101909309,0.679329711,87.6
"386","Poland",2012,7.41,0.9604836,0.7804115,99.71701,96.07224,73.98845,155.305302,180.9538482,62.30999727,0.115860048,0.738640645,87.1
"387","Poland",2013,NA,1.04645,0.8194907,99.77679,106.92444,71.82938,215.5454538,184.8322495,62.8492,0.111382181,0.790324529,86.8
"388","Poland",2014,NA,1.054908,0.840596,99.33656,106.14881,68.31303,254.1437012,190.3058095,66.6,0.103678509,0.836041817,87.8
"389","Poland",2015,NA,1.000138,0.8020686,104.97503,106.61047,66.67103,236.6024965,191.266972,67.997,0.123096648,0.862584758,88
"390","Poland",2016,NA,0.9519957,0.636238,110.10469,107.07582,66.556,213.0352045,192.9918675,73.3007,0.112219917,0.868523161,88
"391","Poland",2017,NA,0.8816792,0.4725794,NA,NA,NA,NA,185.7321079,75.98536595,NA,NA,87
"392","Qatar",1995,NA,NA,NA,91.6507,92.61492,21.63978,238.9712828,NA,0.190209535,NA,NA,NA
"393","Qatar",1996,NA,0.1659549,-0.0355938,95.32536,91.73758,24.03173,255.623162,NA,0.930185833,NA,NA,NA
"394","Qatar",1997,NA,NA,NA,99.25429,NA,24.95951,265.4318678,NA,3.083749186,NA,NA,NA
"395","Qatar",1998,NA,0.0743281,0.1948009,106.41941,87.75434,25.11182,273.437131,NA,3.52002985,NA,NA,NA
"396","Qatar",1999,NA,NA,NA,107.0358,88.15891,25.18577,272.0253158,NA,4.070728915,NA,NA,75
"397","Qatar",2000,6.01,0.000946,0.5081303,105.15015,91.39327,NA,270.4709194,NA,4.863679179,NA,NA,75
"398","Qatar",2001,NA,NA,NA,104.63149,88.28586,20.02565,271.4375103,NA,6.170268561,NA,NA,75
"399","Qatar",2002,NA,0.3012286,0.5460924,107.97526,91.48603,16.83905,273.3935406,0.35312758,10.22612893,NA,NA,77
"400","Qatar",2003,NA,0.2262909,0.4490654,110.52124,97.62008,15.33668,267.952006,4.343684013,19.24233642,NA,0.153793426,73
"401","Qatar",2004,NA,0.165395,0.3493318,105.07605,100.91463,17.27171,251.5315838,14.383512,20.70164785,NA,0.178294931,76.6
"402","Qatar",2005,NA,0.2634854,0.5857046,105.44148,99.09982,17.27091,237.4780746,29.6104701,24.73349378,NA,0.195175421,76.6
"403","Qatar",2006,NA,0.3091292,0.6342211,97.06985,93.98251,17.32333,225.9808666,46.29239238,28.97411271,NA,0.182505231,74.6
"404","Qatar",2007,6.17,0.3998939,0.5312274,105.77886,84.05777,12.44035,199.5304434,73.69751848,37,NA,0.205189331,76.4
"405","Qatar",2008,6.15,0.6455752,0.6781047,105.766,87.8613,10.91781,191.3603706,76.42250792,44.3,NA,0.201390298,70.8
"406","Qatar",2009,NA,0.6843668,0.9084893,107.48435,91.67057,9.86035,181.0068017,90.99938395,53.1,NA,0.207633991,81.6
"407","Qatar",2010,NA,0.5984103,0.8519678,105.28296,101.14612,9.84695,151.7130084,81.91771985,69,NA,0.229648543,82.2
"408","Qatar",2011,NA,0.5006636,0.7576159,106.24364,110.23166,11.45723,158.2948013,84.32195011,69,NA,0.241335537,82.4
"409","Qatar",2012,5.84,0.801358,0.9582027,102.32858,84.96633,11.08806,186.9610271,87.75588177,69.3,0.001422092,0.295747755,82.5
"410","Qatar",2013,NA,0.7469117,0.9585235,98.07254,76.94016,12.00554,183.3321262,95.75187083,85.3,0.003999159,0.359124504,82.5
"411","Qatar",2014,NA,0.5732973,0.8640077,99.34701,83.80081,13.47702,175.8699707,94.95880887,91.49,0.002105778,0.466050853,79.8
"412","Qatar",2015,NA,0.6785886,0.7705259,102.99762,91.17249,14.51808,185.3233014,95.81715218,92.88482645,NA,0.475551664,81.8
"413","Qatar",2016,NA,0.6959444,0.7942997,103.66955,92.53316,15.42144,181.7835135,98.73048684,94.29111815,0.006226156,0.510038898,81.8
"414","Qatar",2017,NA,0.418253,0.7234271,104.22248,85.58092,16.41536,167.0609133,97.03430305,NA,NA,NA,83.1
"415","Russian Federation",1995,NA,NA,NA,107.81128,91.06892,43.12307,168.7173099,NA,0.148151042,0.118287543,NA,52
"416","Russian Federation",1996,NA,-0.4301675,-0.7941876,108.41633,91.41066,44.69789,175.0106251,NA,0.26975293,0.121584739,NA,52
"417","Russian Federation",1997,NA,NA,NA,106.26685,91.25354,46.21012,191.1806079,NA,0.472963763,0.102126009,NA,46
"418","Russian Federation",1998,NA,-0.5093915,-0.8784619,103.70917,92.0509,48.36455,198.4380605,NA,0.812744451,0.111423599,NA,58.6
"419","Russian Federation",1999,NA,NA,NA,102.92577,92.38039,51.85662,210.6524326,NA,1.018984614,0.135177001,NA,53.2
"420","Russian Federation",2000,5.28,-0.5793793,-1.097559,102.78668,NA,55.77999,219.0625933,NA,1.977230109,0.159464864,NA,52.4
"421","Russian Federation",2001,NA,NA,NA,106.0929,NA,61.56306,228.2222751,NA,2.944367787,0.169733284,NA,52.2
"422","Russian Federation",2002,NA,-0.2448798,-0.839241,113.9664,NA,66.87145,244.4989762,0.075702287,4.128271818,0.163186603,NA,57.4
"423","Russian Federation",2003,NA,-0.1538669,-0.9106629,121.08584,91.53061,70.6976,249.6806457,2.3712695,8.298860616,0.172618741,0.223504249,57.4
"424","Russian Federation",2004,NA,-0.1178624,-0.8854756,NA,85.34302,70.62746,267.2783161,4.685318269,12.8593889,0.159543764,0.22315928,63.2
"425","Russian Federation",2005,NA,-0.1315329,-0.9273136,95.27104,82.94197,72.61016,279.2125524,11.07174159,15.2266732,0.164745285,0.230575115,63.2
"426","Russian Federation",2006,NA,-0.4042563,-0.9533557,95.04876,82.74542,72.84289,306.3012951,20.27269884,18.02327746,0.194925495,0.205305815,62.6
"427","Russian Federation",2007,5.94,-0.2962315,-0.9701154,95.7069,83.05286,74.0726,315.8796308,34.31250293,24.66,0.192605182,0.212315264,62.6
"428","Russian Federation",2008,5.58,-0.3910525,-0.955102,97.53751,83.28485,74.9683,318.2714123,65.01224059,26.83,0.194140001,0.22316012,44.2
"429","Russian Federation",2009,NA,-0.335987,-0.7763293,99.22885,84.96946,75.44277,317.1341402,90.34540814,29,0.179276105,0.228456223,60.8
"430","Russian Federation",2010,NA,-0.3532888,-0.7649318,NA,NA,NA,313.7590993,109.9059192,43,0.201064829,0.237738404,68.4
"431","Russian Federation",2011,NA,-0.3491683,-0.7257292,100.92777,92.04965,76.49749,308.182549,123.3540776,49,0.185330436,0.252917463,68.2
"432","Russian Federation",2012,5.78,-0.3381374,-0.8184694,101.19422,96.16113,76.14145,294.0190522,146.1106922,63.8,0.200423632,0.253157652,68.2
"433","Russian Federation",2013,NA,-0.3516815,-0.7841895,100.26643,98.79967,78.05873,281.8518714,165.4648256,67.97,0.200443308,0.276744163,77.4
"434","Russian Federation",2014,NA,-0.3886238,-0.7414554,98.65293,100.53287,78.74703,265.8055768,173.4849669,70.52,0.167376275,0.312854989,74.6
"435","Russian Federation",2015,NA,-0.5207789,-0.763637,100.68178,104.39721,80.49591,247.0902856,186.5513318,70.1,0.203120304,0.368228678,75
"436","Russian Federation",2016,NA,-0.4155626,-0.79216,102.07633,104.8077,81.81556,224.1984106,190.676494,73.09143462,0.185634995,0.4096752,72.4
"437","Russian Federation",2017,NA,-0.4753416,-0.7935112,NA,NA,NA,216.6185727,213.6598401,76.00813853,NA,NA,75.2
"438","Saudi Arabia",1995,NA,NA,NA,NA,NA,16.73331,91.77127411,NA,0.010956134,0.001494462,NA,NA
"439","Saudi Arabia",1996,NA,-0.3082625,0.1145626,NA,NA,17.51765,93.87835128,NA,0.026732651,0.001411279,NA,59
"440","Saudi Arabia",1997,NA,NA,NA,NA,NA,17.2534,96.23140583,NA,0.052099031,0.002922241,NA,59
"441","Saudi Arabia",1998,NA,-0.2676624,0.0678226,NA,NA,17.42413,108.9924093,NA,0.101429893,0.002263302,NA,59
"442","Saudi Arabia",1999,NA,NA,NA,NA,NA,20.86249,133.3462039,NA,0.49358534,0.003547776,NA,59
"443","Saudi Arabia",2000,4.6,-0.1033548,-0.1506832,NA,NA,22.19224,142.7800738,NA,2.210691809,0.003660126,NA,59
"444","Saudi Arabia",2001,NA,NA,NA,NA,NA,23.67602,151.7549247,0.657166172,4.681053166,0.00215926,NA,61
"445","Saudi Arabia",2002,NA,-0.045104,-0.000601,NA,NA,23.3329,155.9824686,1.587761845,6.38470502,0.002784586,NA,63.4
"446","Saudi Arabia",2003,NA,0.113586,0.1304767,NA,NA,26.75165,155.2829848,2.038532259,8.001582891,0.002482663,0.076217752,64.4
"447","Saudi Arabia",2004,NA,0.0499324,0.0203347,NA,NA,28.52973,159.0748848,2.957524014,10.234533,0.003487037,0.073645361,64
"448","Saudi Arabia",2005,NA,0.114249,-0.014788,95.45357,87.04061,29.35021,160.7987801,2.836065476,12.70503599,0.004977902,0.072535142,62.2
"449","Saudi Arabia",2006,NA,-0.0447374,0.0186294,NA,NA,30.13182,160.7515507,8.876773053,19.45955435,0.004841669,0.077222588,70.4
"450","Saudi Arabia",2007,4.76,0.018983,0.0772642,100.08887,90.19761,30.26024,158.2413259,24.67535085,30,0.005068791,0.079659222,70.4
"451","Saudi Arabia",2008,5.15,0.1200698,0.0746007,102.28767,NA,30.67706,158.0523631,40.40350383,36,NA,0.085672091,76.8
"452","Saudi Arabia",2009,NA,0.1607207,0.0502953,104.16914,94.40937,31.44462,156.4428577,53.92488912,38,NA,0.106385644,81.8
"453","Saudi Arabia",2010,NA,0.1612306,0.1550011,106.07503,NA,36.49701,151.8923362,62.40859842,41,0.010501109,0.132040501,82.5
"454","Saudi Arabia",2011,NA,0.0281195,0.0515942,106.0683,NA,40.27629,164.0751724,69.10743034,47.5,0.012288397,0.175561176,82.2
"455","Saudi Arabia",2012,5.96,0.1031542,0.1488588,109.3714,NA,46.52667,165.0885327,87.33135607,54,NA,0.205680622,82.3
"456","Saudi Arabia",2013,NA,0.0827896,0.1572144,115.61417,113.74801,52.02672,164.9624792,97.50382675,60.5,0.016397014,0.247474693,77.3
"457","Saudi Arabia",2014,NA,-0.003618,0.132184,118.19778,116.64714,57.96258,117.6948604,98.52371542,64.71365737,0.021184842,0.273284465,74
"458","Saudi Arabia",2015,NA,0.0251311,0.1178225,120.64364,NA,60.5626,118.734002,112.9689049,69.6162358,0.02265731,0.281552729,76.4
"459","Saudi Arabia",2016,NA,0.0793312,0.3376244,116.24338,NA,66.5998,112.6991348,101.8619061,74.88,0.033151889,0.286032641,77.8
"460","Saudi Arabia",2017,NA,-0.0008548,0.0989917,NA,NA,NA,109.8830711,75.85997455,80.07575862,NA,NA,78.2
"461","Thailand",1995,NA,NA,NA,NA,NA,NA,NA,NA,NA,NA,NA,NA
"462","Thailand",2000,5.47,NA,NA,NA,NA,NA,NA,NA,NA,NA,NA,NA
"463","Thailand",2007,5.41,NA,NA,NA,NA,NA,NA,NA,NA,NA,NA,NA
"464","Thailand",2008,5.44,NA,NA,NA,NA,NA,NA,NA,NA,NA,NA,NA
"465","Thailand",2009,NA,NA,NA,NA,NA,NA,NA,NA,NA,NA,NA,NA
"466","Thailand",2012,5.21,NA,NA,NA,NA,NA,NA,NA,NA,NA,NA,NA
"467","Turkey",1995,5.12,NA,NA,99.59521,62.29682,20.28066,224.4454141,NA,0.081691205,0.00290666,NA,74.8
"468","Turkey",1996,NA,0.1035786,-0.1387948,NA,NA,NA,240.4191642,NA,0.192724936,0.003180576,NA,75
"469","Turkey",1997,NA,NA,NA,99.53748,61.95845,23.98669,258.0479566,NA,0.473695432,0.003362458,NA,77.8
"470","Turkey",1998,NA,0.5047144,-0.0633127,NA,NA,23.25433,274.0438995,NA,0.698805129,0.003375206,NA,73.8
"471","Turkey",1999,NA,NA,NA,103.42338,71.69447,23.86262,287.5705404,NA,2.292117685,0.004431078,NA,74.4
"472","Turkey",2000,5.42,0.3504823,-0.0117943,103.40963,73.60053,NA,290.8781753,NA,3.761685035,0.004380131,NA,75
"473","Turkey",2001,NA,NA,NA,105.70034,83.78116,25.62337,294.5015097,0.170038158,5.189481461,0.005249918,NA,73
"474","Turkey",2002,NA,0.1009366,-0.0273652,106.66247,88.29476,26.55563,289.9771939,0.325514367,11.38,0.006355244,NA,79.6
"475","Turkey",2003,NA,0.0437174,0.1510643,103.43129,90.09196,30.20978,286.2448535,3.016139488,12.33,0.007399471,0.20206458,73.6
"476","Turkey",2004,NA,0.0578256,0.1262435,103.29251,86.86197,30.98231,285.4167321,8.624824657,14.58,0.010177911,0.236248422,74.2
"477","Turkey",2005,NA,0.2773776,0.1597313,103.1805,83.94135,33.09637,279.4885282,23.4121982,15.46,0.013666472,0.262739398,76
"478","Turkey",2006,NA,0.2891251,0.0482519,102.62601,87.90342,36.92274,273.8610166,40.33664418,18.24,0.015589688,0.284260211,81
"479","Turkey",2007,5.56,0.3172911,0.021233,102.89519,90.29815,38.8035,261.5189234,68.30377468,28.63,0.026006763,0.309250587,81
"480","Turkey",2008,5.68,0.2593855,0.0830613,102.48184,88.4996,40.21886,248.4695776,81.72859717,34.37,0.031530366,0.308560337,86.8
"481","Turkey",2009,5.55,0.2801023,0.1048895,100.09822,80.0172,46.54111,231.7710246,90.41716695,36.4,0.035814819,0.342686842,86.6
"482","Turkey",2010,NA,0.2986633,0.1106539,101.27534,84.26338,56.36382,224.0032804,98.1399953,39.82,0.043967036,0.353727245,86.4
"483","Turkey",2011,NA,0.3703377,0.0747821,101.04973,88.33845,61.11646,207.2055432,103.4112976,43.06571043,0.052922338,0.365188653,85.4
"484","Turkey",2012,5.16,0.4200954,0.0363039,98.67395,85.20537,69.78193,185.8615626,105.5247691,45.13,0.059461015,0.382198617,85.4
"485","Turkey",2013,NA,0.429084,0.0669589,107.27198,100.5609,79.59632,178.8122693,117.3466679,46.25,0.057951637,0.41097765,85.2
"486","Turkey",2014,NA,0.3994922,0.0051234,106.50633,103.01726,87.01869,162.6478367,115.1017619,51.04,0.061871494,0.411183198,84.5
"487","Turkey",2015,NA,0.2708806,-0.113019,103.28537,103.05019,95.43396,146.8358357,121.431139,53.74497914,0.068377403,0.423053242,84.6
"488","Turkey",2016,NA,0.1961425,-0.2086347,101.26324,103.00674,103.74508,139.318589,132.0509577,58.34773401,0.078352533,0.426376124,84.4
"489","Turkey",2017,NA,0.0351406,-0.2501367,NA,NA,NA,140.0512874,147.6859502,64.68461768,NA,NA,79.4
"490","United Arab Emirates",1995,NA,NA,NA,99.8916,80.58157,NA,274.5526417,NA,0.102939175,NA,NA,NA
"491","United Arab Emirates",1996,NA,0.6943053,0.688414,96.97933,NA,NA,287.0743907,NA,0.375393534,NA,NA,77
"492","United Arab Emirates",1997,NA,NA,NA,92.91673,78.19053,NA,309.2914471,NA,3.295592694,NA,NA,77
"493","United Arab Emirates",1998,NA,0.6224758,0.7459976,89.58151,78.35701,NA,322.4722486,NA,6.908302986,NA,NA,76
"494","United Arab Emirates",1999,NA,NA,NA,NA,NA,NA,326.347099,0.122817973,14.94269899,NA,NA,77
"495","United Arab Emirates",2000,6.05,0.7285935,0.6768382,NA,NA,NA,323.3347861,0.625371443,23.62530088,NA,NA,77
"496","United Arab Emirates",2001,NA,NA,NA,NA,NA,NA,316.5724202,2.517714803,26.2717542,NA,NA,77
"497","United Arab Emirates",2002,NA,1.120548,0.726275,NA,NA,NA,311.8282452,4.742201257,28.31648531,NA,NA,77
"498","United Arab Emirates",2003,NA,0.6716169,0.5707978,NA,NA,NA,303.5218171,8.104636856,29.47795341,NA,0.139660475,77
"499","United Arab Emirates",2004,NA,0.8015861,0.4443081,NA,NA,NA,290.5464892,13.73457624,30.13129617,NA,0.131557994,77
"500","United Arab Emirates",2005,NA,0.6541783,0.398343,NA,NA,NA,270.0825974,28.2385084,40,NA,0.152438159,77
"501","United Arab Emirates",2006,NA,0.6254781,0.3199202,NA,NA,NA,249.8426183,45.90204715,52,NA,0.154596538,75
"502","United Arab Emirates",2007,5.78,0.609858,0.2850381,101.53754,NA,NA,229.2368698,62.83848276,61,NA,0.125097885,75
"503","United Arab Emirates",2008,6.66,0.5673463,0.4243076,NA,NA,NA,231.4950166,80.87532879,63,NA,0.13312489,80.4
"504","United Arab Emirates",2009,NA,0.4445139,0.4048463,NA,NA,NA,206.1136182,90.05851905,64,NA,0.133661293,80.8
"505","United Arab Emirates",2010,NA,0.3202247,0.3230195,NA,NA,NA,178.8830283,95.13336503,68,NA,0.148633414,82.8
"506","United Arab Emirates",2011,NA,0.4492406,0.5047757,NA,NA,NA,210.493083,99.9677716,78,0.002997991,0.164635816,82.6
"507","United Arab Emirates",2012,6.94,0.6762518,0.5395103,101.45373,NA,NA,221.0545913,107.2965612,84.9999915,0.002247077,0.18487823,82.6
"508","United Arab Emirates",2013,NA,0.7807333,0.6190236,100.36319,NA,NA,231.6182639,115.6899371,88,0.001998609,0.197151693,82.6
"509","United Arab Emirates",2014,NA,0.9920538,0.6522272,104.89406,NA,NA,231.8450926,120.3592777,90.4,0.003197048,0.200532099,82.5
"510","United Arab Emirates",2015,NA,1.111059,0.6408771,113.54651,NA,NA,246.7305536,134.8488394,90.5,0.001638574,0.247053243,82.4
"511","United Arab Emirates",2016,NA,0.9725956,0.8490637,110.87162,95.80507,NA,246.5916589,139.9826659,90.60000732,NA,0.235274141,82.8
"512","United Arab Emirates",2017,NA,1.012775,0.7976778,NA,NA,NA,246.8937447,NA,94.81992254,NA,NA,83.5
